id,name,picture,biography,date_of_birth
ac11bccf-b565-4923-a49c-817ad15ccd5a,Orran Shyre,https://robohash.org/nullaetid.png?size=50x50&set=set1,at velit eu est congue elementum in hac habitasse platea dictumst morbi,1985-03-15
787708f9-a6af-4729-b59f-aa2f23921664,Joelly Lodder,https://robohash.org/deseruntlaborumomnis.png?size=50x50&set=set1,orci luctus et ultrices posuere cubilia curae mauris viverra diam vitae quam suspendisse potenti nullam porttitor lacus at turpis donec,1990-07-22
81a01b20-db82-4ae4-b911-594cb92ba9a3,Currie Larraway,https://robohash.org/temporefugablanditiis.png?size=50x50&set=set1,a suscipit nulla elit ac nulla sed vel enim sit amet nunc viverra dapibus nulla,1982-11-30
946a53df-50ce-4c1e-8dbb-9e64141d0ded,Charles Harmant,https://robohash.org/utetexplicabo.png?size=50x50&set=set1,varius integer ac leo pellentesque ultrices mattis odio donec vitae nisi nam ultrices libero non mattis pulvinar nulla pede ullamcorper,1978-05-08
f2d0f42f-768a-46a5-8e12-bf422a5c3ccc,Berne De Beauchamp,https://robohash.org/sedexea.png?size=50x50&set=set1,platea dictumst morbi vestibulum velit id pretium iaculis diam erat fermentum justo,1988-09-14
35cff2a9-722b-4e8e-b989-fd944f1f4a06,Karlis Swetland,https://robohash.org/delenitiexercitationemeos.png?size=50x50&set=set1,eget tempus vel pede morbi porttitor lorem id ligula suspendisse ornare consequat,1975-12-03
601c9e58-0540-45d7-b801-3b8a53d2bf45,Brynne Northcott,https://robohash.org/nullaquodat.png?size=50x50&set=set1,quam sollicitudin vitae consectetuer eget rutrum at lorem integer tincidunt ante vel ipsum praesent blandit lacinia erat vestibulum,1992-04-18
b4b09e41-c862-4733-9d1c-d698fe2ab1e4,Courtney Pech,https://robohash.org/temporaeaet.png?size=50x50&set=set1,odio elementum eu interdum eu tincidunt in leo maecenas pulvinar lobortis est phasellus sit amet erat nulla tempus,1987-06-25
0da58661-0206-47ac-aaa1-4149388f8049,Jeniece Hartigan,https://robohash.org/suntvoluptatemdoloribus.png?size=50x50&set=set1,a ipsum integer a nibh in quis justo maecenas rhoncus aliquam lacus morbi quis tortor id nulla ultrices aliquet,1983-01-11
b0c2bf0f-289a-469f-8a1c-763da078d955,Wainwright Utterson,https://robohash.org/velitetfacere.png?size=50x50&set=set1,luctus nec molestie sed justo pellentesque viverra pede ac diam cras,1979-08-27
77d7a43a-a19a-477d-9cb5-e00558e993fb,Casper Kobke,https://robohash.org/sequiquipraesentium.png?size=50x50&set=set1,ultricies eu nibh quisque id justo sit amet sapien dignissim vestibulum vestibulum,1991-02-09
e7ca1ddc-22cc-4f00-92eb-4a9f84be1c62,Lorin Scudder,https://robohash.org/etasperioreslaboriosam.png?size=50x50&set=set1,sit amet erat nulla tempus vivamus in felis eu sapien cursus vestibulum proin eu mi nulla ac enim,1986-10-21
b0b62048-4af5-4b21-b1ca-288aeaf6ebff,Othilia Du Pre,https://robohash.org/numquamcorruptiplaceat.png?size=50x50&set=set1,sit amet sem fusce consequat nulla nisl nunc nisl duis bibendum felis sed interdum,1984-03-07
dbbd5678-416d-4bca-8901-64d260cf4e68,Carlynn Ferrulli,https://robohash.org/praesentiumomnissoluta.png?size=50x50&set=set1,penatibus et magnis dis parturient montes nascetur ridiculus mus vivamus vestibulum sagittis,1989-11-16
f2a51d7d-b29a-450c-a58a-bd8454f1edc7,Daryle Leggis,https://robohash.org/velitetullam.png?size=50x50&set=set1,nulla ac enim in tempor turpis nec euismod scelerisque quam turpis,1981-07-04
067b6e36-0493-4a78-a9f8-ab6e500a2b37,Reena Glasman,https://robohash.org/utatquevelit.png?size=50x50&set=set1,ac neque duis bibendum morbi non quam nec dui luctus rutrum nulla tellus in sagittis,1993-05-12
02e0e2bf-9aec-4309-a3d8-3baf5aaeba7b,Rodd Ceschi,https://robohash.org/velitquaelaboriosam.png?size=50x50&set=set1,amet consectetuer adipiscing elit proin risus praesent lectus vestibulum quam sapien varius ut blandit non interdum in ante,1980-09-28
c53c3022-9be7-486d-89dd-d279811e89c8,Georgianna Alessandrelli,https://robohash.org/consequunturdistinctioest.png?size=50x50&set=set1,est congue elementum in hac habitasse platea dictumst morbi vestibulum velit id pretium iaculis diam erat,1976-12-19
b1f28543-7492-4cb0-9125-b7e49a53cff6,Fawnia Basili,https://robohash.org/etestlaboriosam.png?size=50x50&set=set1,dolor quis odio consequat varius integer ac leo pellentesque ultrices mattis odio donec vitae nisi,1988-04-06
41597c36-f427-448e-9969-e54843ab471b,Rosabella Fritschmann,https://robohash.org/porronihilquia.png?size=50x50&set=set1,dui luctus rutrum nulla tellus in sagittis dui vel nisl duis ac nibh fusce lacus purus,1994-08-23
b8bd2442-ca8c-469d-9eef-3f2b58b06d76,Chiarra Okey,https://robohash.org/nobiscorporisassumenda.png?size=50x50&set=set1,quis orci eget orci vehicula condimentum curabitur in libero ut massa volutpat convallis morbi odio odio elementum eu interdum eu,1977-02-14
cc582354-5872-45a7-820d-92685f1e27e2,Delora Sirr,https://robohash.org/estipsamdelectus.png?size=50x50&set=set1,etiam vel augue vestibulum rutrum rutrum neque aenean auctor gravida,1985-06-30
3aa3931d-4511-4f5e-a4fd-c980dad0aee3,Ebonee De Stoop,https://robohash.org/enimcorruptiut.png?size=50x50&set=set1,suspendisse accumsan tortor quis turpis sed ante vivamus tortor duis mattis egestas metus aenean fermentum donec ut mauris,1990-10-17
8668e983-966f-4d23-8377-2135cfcd9f42,Dalli Hryniewicz,https://robohash.org/consequaturculpaquia.png?size=50x50&set=set1,amet cursus id turpis integer aliquet massa id lobortis convallis tortor risus dapibus,1982-03-25
a0306284-f21a-4589-85cb-35ad3460c0ca,Veronique Sheffield,https://robohash.org/etipsaut.png?size=50x50&set=set1,dolor morbi vel lectus in quam fringilla rhoncus mauris enim leo rhoncus sed vestibulum sit amet cursus id turpis,1987-11-08
e01904aa-8c8b-4fe1-a817-02c17b10c350,Humberto Reynold,https://robohash.org/etutiure.png?size=50x50&set=set1,proin risus praesent lectus vestibulum quam sapien varius ut blandit non interdum in ante vestibulum,1983-07-20
574841f2-ac53-4a1c-a831-3bf6d2ab5fba,Marj Draye,https://robohash.org/nemooditblanditiis.png?size=50x50&set=set1,porta volutpat erat quisque erat eros viverra eget congue eget,1979-01-05
6a36bed7-cd35-4b37-a172-132f25ea54ff,May Caddick,https://robohash.org/occaecatihicet.png?size=50x50&set=set1,non lectus aliquam sit amet diam in magna bibendum imperdiet,1991-09-13
1873afc0-33bb-41c1-8181-afc2e5ff5b88,Felicle Kuhn,https://robohash.org/eosmagnamhic.png?size=50x50&set=set1,libero nullam sit amet turpis elementum ligula vehicula consequat morbi,1986-05-29
c7036a35-df04-450d-afb5-3b8c338a130b,Wadsworth Kidd,https://robohash.org/adunderepudiandae.png?size=50x50&set=set1,ipsum dolor sit amet consectetuer adipiscing elit proin interdum mauris non ligula pellentesque ultrices phasellus id sapien in sapien iaculis,1974-12-11
c8e94608-3521-4b9b-a9fa-c9440a19eb6d,Lily Lilford,https://robohash.org/numquamnostrumassumenda.png?size=50x50&set=set1,quam pede lobortis ligula sit amet eleifend pede libero quis orci nullam molestie nibh in lectus pellentesque at nulla suspendisse,1992-08-02
36dae612-8373-4421-852b-af6e3c4f427e,Bili O'Dogherty,https://robohash.org/etdolorumipsum.png?size=50x50&set=set1,neque aenean auctor gravida sem praesent id massa id nisl venenatis lacinia,1988-02-18
a63517ea-9f95-4505-8d58-9adb779a8eca,Cara Braga,https://robohash.org/natusquisratione.png?size=50x50&set=set1,blandit mi in porttitor pede justo eu massa donec dapibus duis at velit,1984-10-26
ed0bb121-ec43-4551-ab2d-137f118971c8,Natasha Shellsheere,https://robohash.org/minusaliquidut.png?size=50x50&set=set1,volutpat sapien arcu sed augue aliquam erat volutpat in congue etiam justo etiam pretium iaculis justo in hac habitasse platea,1980-06-14
f6948521-ac1f-4c35-afff-98681e8d69ea,Karena McGroarty,https://robohash.org/illumdoloremdolores.png?size=50x50&set=set1,mauris eget massa tempor convallis nulla neque libero convallis eget eleifend luctus ultricies eu nibh quisque id justo sit amet,1995-04-01
28424547-da96-425f-8902-100bf72f21d5,Stefan Cardiff,https://robohash.org/ipsumiustorerum.png?size=50x50&set=set1,lobortis vel dapibus at diam nam tristique tortor eu pede,1981-12-23
f44a67f7-cafb-47b8-8852-0294fa169497,Gualterio Ventris,https://robohash.org/optioblanditiisfacere.png?size=50x50&set=set1,in hac habitasse platea dictumst etiam faucibus cursus urna ut tellus,1977-08-09
d10f2412-fada-48da-9c5c-1a7d935cc64c,Ainsley Seatter,https://robohash.org/omnistemporalaboriosam.png?size=50x50&set=set1,blandit lacinia erat vestibulum sed magna at nunc commodo placerat praesent blandit,1989-03-16
56c057b4-0151-491f-8f06-36c357b927eb,Rodolph Grishenkov,https://robohash.org/officiaoditsoluta.png?size=50x50&set=set1,dapibus augue vel accumsan tellus nisi eu orci mauris lacinia sapien quis libero nullam sit,1993-11-27
da1619e6-3f8d-4705-902e-0564def257b8,Nerte O'Meara,https://robohash.org/deseruntharumqui.png?size=50x50&set=set1,metus sapien ut nunc vestibulum ante ipsum primis in faucibus orci luctus et ultrices posuere cubilia curae mauris,1985-07-05
5dd5bc82-c102-4bb9-9d8a-36f649b51324,Georgy Filtness,https://robohash.org/exercitationemconsequatureligendi.png?size=50x50&set=set1,consequat morbi a ipsum integer a nibh in quis justo maecenas rhoncus aliquam lacus,1978-01-22
ff45e7f4-8f77-4de8-bdf4-856a26d3581f,Gilles Sarrell,https://robohash.org/minimaquodnisi.png?size=50x50&set=set1,condimentum curabitur in libero ut massa volutpat convallis morbi odio odio elementum eu interdum eu tincidunt in,1991-05-10
08368bed-3a70-4d32-8148-a669f1628eb9,Merill Attoc,https://robohash.org/eosquaealias.png?size=50x50&set=set1,turpis donec posuere metus vitae ipsum aliquam non mauris morbi non lectus aliquam sit amet,1986-09-28
4629e981-d227-46fe-9e0d-bb49bf732f35,Georgeanne Lemerle,https://robohash.org/rerumquoquibusdam.png?size=50x50&set=set1,ipsum ac tellus semper interdum mauris ullamcorper purus sit amet nulla quisque arcu,1982-02-15
cf95ef94-5bc2-4b9a-96ac-538357754a04,Domeniga Prangley,https://robohash.org/similiquesintipsam.png?size=50x50&set=set1,sed sagittis nam congue risus semper porta volutpat quam pede lobortis ligula sit amet eleifend pede libero quis orci nullam,1994-10-03
494e96a2-adad-49ab-bd31-68f0ee678812,Iona Seston,https://robohash.org/reminrerum.png?size=50x50&set=set1,eget massa tempor convallis nulla neque libero convallis eget eleifend luctus ultricies eu nibh quisque id justo sit,1980-06-21
a647dadb-87f6-4383-97a9-286c41a4ca2f,Krishna Pococke,https://robohash.org/debitisconsequatursimilique.png?size=50x50&set=set1,placerat ante nulla justo aliquam quis turpis eget elit sodales scelerisque mauris sit,1987-12-08
0cd7117a-aea4-46f0-a4b4-b887816d516d,Hasheem Pardie,https://robohash.org/dictamolestiaevoluptatibus.png?size=50x50&set=set1,posuere cubilia curae nulla dapibus dolor vel est donec odio justo sollicitudin ut suscipit a feugiat,1983-04-24
df5f8aa9-9ba3-492d-ad63-c24a9145da78,Mile Choppin,https://robohash.org/velitcumquefacere.png?size=50x50&set=set1,porttitor pede justo eu massa donec dapibus duis at velit eu est congue elementum in hac,1979-08-12
4cd02595-00fa-472e-b53e-369f244a8068,Gardy Noni,https://robohash.org/estlaboriosammodi.png?size=50x50&set=set1,aenean auctor gravida sem praesent id massa id nisl venenatis lacinia aenean sit amet,1992-11-30